Workbook

Sheet Weight
A1: Time | B1: =IP!B1 -> 950 | C1: =IP!C1 -> 950 | D1: =IP!D1 -> 1020 | E1: =IP!E1 -> 1020 | F1: =IP!F1 -> 1050 | G1: =IP!G1 -> 1050 | H1: =IP!H1 -> 1120 | I1: =IP!I1 -> 1120 | ... AM1: =IP!AM1 -> 2041
A2: Press Side | B2: 1 | C2: 2 | D2: 1 | E2: 2 | F2: 1 | G2: 2 | H2: 1 | I2: 2 | J2: 1 | K2: 2 | L2: 1 | M2: 2 | N2: 1 | O2: 2 | P2: 1 | Q2: 2 | R2: 1 | S2: 2 | T2: 1 | U2: 2 | V2: 1 | W2: 2 | X2: 1 | Y2: 2 | Z2: 1 | AA2: 2 | AB2: 1 | AC2: 2 | AD2: 1 | AE2: 2 | AF2: 1 | AG2: 2 | AH2: 1 | AI2: 2 | AJ2: 1 | AK2: 2 | AL2: 1 | AM2: 2
A3: 1 | B3: 221.7 | C3: 220.1 | D3: 219.9 | E3: 220.1 | F3: 220.3 | G3: 219.2 | H3: 219.2 | I3: 218.8 | J3: 218.8 | K3: 219.9 | L3: 219.3 | M3: 220.1 | N3: 218.9 | O3: 218.3 | P3: 220.8 | Q3: 220.6 | R3: 216.7 | S3: 218.9 | T3: 220.1 | U3: 220.3 | V3: 221.4 | W3: 222.9 | X3: 218.4 | Y3: 219.3 | Z3: 221.2 | AA3: 220 | AB3: 220 | AC3: 221.7 | AD3: 219.1 | AE3: 217.3 | AF3: 219.1 | AG3: 218 | AH3: 222.1 | AI3: 220.8 | AJ3: 220.3 | AK3: 221.6 | AL3: 219.5 | AM3: 220.4
A4: 2 | B4: 219.3 | C4: 223.5 | D4: 220.5 | E4: 220.8 | F4: 217.3 | G4: 221.3 | H4: 219.4 | I4: 220.2 | J4: 220.7 | K4: 218.3 | L4: 219.7 | M4: 218.8 | N4: 220.9 | O4: 220.8 | P4: 217.9 | Q4: 221.3 | R4: 220.2 | S4: 218.9 | T4: 219.3 | U4: 217.9 | V4: 215.4 | W4: 218.4 | X4: 216.1 | Y4: 218.5 | Z4: 225.1 | AA4: 219.8 | AB4: 219.3 | AC4: 220.4 | AD4: 220.7 | AE4: 219.3 | AF4: 218.9 | AG4: 222.9 | AH4: 223.9 | AI4: 222.3 | AJ4: 222.4 | AK4: 220.5 | AL4: 220.3 | AM4: 221.1
A5: 3 | B5: 218.2 | C5: 222.3 | D5: 222.2 | E5: 221 | F5: 222.3 | G5: 217.8 | H5: 220 | I5: 219.7 | J5: 219.7 | K5: 218.9 | L5: 221.9 | M5: 222.3 | N5: 223.1 | O5: 221.7 | P5: 219.2 | Q5: 221.3 | R5: 219.2 | S5: 219.4 | T5: 216.6 | U5: 220.7 | V5: 217.2 | W5: 218.9 | X5: 220.2 | Y5: 222.7 | Z5: 220.5 | AA5: 221.1 | AB5: 220 | AC5: 221.1 | AD5: 221.6 | AE5: 221.6 | AF5: 221.5 | AG5: 219.2 | AH5: 220.3 | AI5: 222.5 | AJ5: 216.9 | AK5: 221.7 | AL5: 217.3 | AM5: 218.9
A6: 4 | B6: 218.5 | C6: 224.4 | D6: 220.2 | E6: 222.1 | F6: 220.9 | G6: 221.7 | H6: 219.7 | I6: 217.9 | J6: 222.9 | K6: 222.8 | L6: 218.4 | M6: 219.5 | N6: 219.9 | O6: 221 | P6: 220.4 | Q6: 217.8 | R6: 218.5 | S6: 218.3 | T6: 219.6 | U6: 218.8 | V6: 217.7 | W6: 216.3 | X6: 217 | Y6: 221 | Z6: 221 | AA6: 219.3 | AB6: 218.9 | AC6: 218.3 | AD6: 219.2 | AE6: 221.7 | AF6: 219.9 | AG6: 216.8 | AH6: 219.7 | AI6: 221.3 | AJ6: 221.8 | AK6: 221.6 | AL6: 221.6 | AM6: 223.6
A7: 5 | B7: 220.2 | C7: 223.1 | D7: 218 | E7: 220.7 | F7: 220.2 | G7: 218.7 | H7: 218 | I7: 221.7 | J7: 222.2 | K7: 219.5 | L7: 220.1 | M7: 219.5 | N7: 218.8 | O7: 217 | P7: 220 | Q7: 217.2 | R7: 221.4 | S7: 220.1 | T7: 216.4 | U7: 220.5 | V7: 221.3 | W7: 223.8 | X7: 221.3 | Y7: 219 | Z7: 221.1 | AA7: 218.4 | AB7: 220.2 | AC7: 220.9 | AD7: 222.1 | AE7: 219.6 | AF7: 218.2 | AG7: 217.4 | AH7: 218.5 | AI7: 220 | AJ7: 220.9 | AK7: 220.7 | AL7: 222.1 | AM7: 222.6
A8: 6 | B8: 218 | C8: 222.4 | D8: 219.9 | E8: 219.9 | F8: 220.4 | G8: 222.4 | H8: 218.3 | I8: 219.8 | J8: 220.5 | K8: 219.1 | L8: 220.6 | M8: 222.3 | N8: 221.5 | O8: 220.3 | P8: 221.8 | Q8: 219.8 | R8: 218.7 | S8: 222.7 | T8: 217.7 | U8: 218.4 | V8: 223.1 | W8: 220.7 | X8: 217.9 | Y8: 219.9 | Z8: 223.6 | AA8: 218.5 | AB8: 220.8 | AC8: 218.3 | AD8: 222.5 | AE8: 219.1 | AF8: 219.8 | AG8: 220.6 | AH8: 220.3 | AI8: 219.4 | AJ8: 220.9 | AK8: 221.8 | AL8: 221.5 | AM8: 221.6
A9: 7 | B9: 221.9 | C9: 222.1 | D9: 223.6 | E9: 223.5 | F9: 222 | G9: 222.6 | H9: 221.1 | I9: 220.5 | J9: 220 | K9: 218.7 | L9: 219.3 | M9: 220.8 | N9: 217.2 | O9: 220.8 | P9: 220.7 | Q9: 220.8 | R9: 218.1 | S9: 219.9 | T9: 220.6 | U9: 220.6 | V9: 221 | W9: 218.5 | X9: 219 | Y9: 220.5 | Z9: 224.3 | AA9: 218.9 | AB9: 223.4 | AC9: 224.3 | AD9: 222.2 | AE9: 218.5 | AF9: 219 | AG9: 219.5 | AH9: 220.3 | AI9: 221.5 | AJ9: 222.4 | AK9: 220.8 | AL9: 220.9 | AM9: 220.4
A10: 8 | B10: 219.3 | C10: 223.3 | D10: 220.9 | E10: 223.7 | F10: 220 | G10: 220.9 | H10: 221.1 | I10: 221.1 | J10: 219.3 | K10: 221.5 | L10: 220.7 | M10: 221.4 | N10: 218.1 | O10: 222 | P10: 218 | Q10: 220.5 | R10: 217.1 | S10: 218 | T10: 219.7 | U10: 217.9 | V10: 221 | W10: 220.4 | X10: 219.4 | Y10: 220.6 | Z10: 225 | AA10: 218.4 | AB10: 220.6 | AC10: 222.4 | AD10: 222.8 | AE10: 221 | AF10: 221.3 | AG10: 219.4 | AH10: 221.8 | AI10: 220.8 | AJ10: 223.4 | AK10: 221.1 | AL10: 220.9 | AM10: 221.6
A11: 9 | B11: 219.4 | C11: 227.5 | D11: 223 | E11: 220 | F11: 218.9 | G11: 222.1 | H11: 220.4 | I11: 219.6 | J11: 219.1 | K11: 217.8 | L11: 220.9 | M11: 218.8 | N11: 221.3 | O11: 217.7 | P11: 220.1 | Q11: 220.1 | R11: 218.6 | S11: 218.4 | T11: 222.3 | U11: 220.6 | V11: 219.5 | W11: 221.6 | X11: 220 | Y11: 223.4 | Z11: 222.4 | AA11: 222.3 | AB11: 221 | AC11: 222.6 | AD11: 217.4 | AE11: 220.6 | AF11: 219.8 | AG11: 218.7 | AH11: 221.2 | AI11: 222.6 | AJ11: 223.3 | AK11: 219.5 | AL11: 222.9 | AM11: 221.9
A12: 10 | B12: 220.4 | C12: 225.1 | D12: 219.5 | E12: 218.6 | F12: 221.9 | G12: 222.9 | H12: 221.4 | I12: 221.5 | J12: 219.6 | K12: 223.1 | L12: 219.8 | M12: 217.9 | N12: 221.9 | O12: 218.1 | P12: 219.9 | Q12: 221.2 | R12: 217.8 | S12: 219.8 | T12: 218.5 | U12: 219.9 | V12: 220.6 | W12: 218 | X12: 221 | Y12: 219.7 | Z12: 221.6 | AA12: 221.1 | AB12: 223.7 | AC12: 222.4 | AD12: 218.8 | AE12: 218.5 | AF12: 221.8 | AG12: 221 | AH12: 222.2 | AI12: 220.1 | AJ12: 223 | AK12: 220.4 | AL12: 223.2 | AM12: 222.1
A13: Average | B13: =AVERAGE(B3:B12) -> 219.69 | C13: =AVERAGE(C3:C12) -> 223.38 | D13: =AVERAGE(D3:D12) -> 220.77 | E13: =AVERAGE(E3:E12) -> 221.04 | F13: =AVERAGE(F3:F12) -> 220.42 | G13: =AVERAGE(G3:G12) -> 220.96 | H13: =AVERAGE(H3:H12) -> 219.86 | I13: =AVERAGE(I3:I12) -> 220.08 | ... AM13: =AVERAGE(AM3:AM12) -> 221.42
A14: StDev | B14: =_xlfn.STDEV.S(B3:B12) -> 1.3568346 | C14: =_xlfn.STDEV.S(C3:C12) -> 1.9887461 | D14: =_xlfn.STDEV.S(D3:D12) -> 1.7075323 | E14: =_xlfn.STDEV.S(E3:E12) -> 1.6208365 | F14: =_xlfn.STDEV.S(F3:F12) -> 1.5178933 | G14: =_xlfn.STDEV.S(G3:G12) -> 1.7852482 | H14: =_xlfn.STDEV.S(H3:H12) -> 1.1701852 | I14: =_xlfn.STDEV.S(I3:I12) -> 1.18865 | ... AM14: =_xlfn.STDEV.S(AM3:AM12) -> 1.3096225
A15: %RSD | B15: =B14/B13*100 -> 0.61761325 | C15: =C14/C13*100 -> 0.8902973 | D15: =D14/D13*100 -> 0.77344401 | E15: =E14/E13*100 -> 0.73327748 | F15: =F14/F13*100 -> 0.68863682 | G15: =G14/G13*100 -> 0.80795085 | H15: =H14/H13*100 -> 0.53224105 | I15: =I14/I13*100 -> 0.54009907 | ... AM15: =AM14/AM13*100 -> 0.59146532
A16: Min | B16: =MIN(B3:B12) -> 218 | C16: =MIN(C3:C12) -> 220.1 | D16: =MIN(D3:D12) -> 218 | E16: =MIN(E3:E12) -> 218.6 | F16: =MIN(F3:F12) -> 217.3 | G16: =MIN(G3:G12) -> 217.8 | H16: =MIN(H3:H12) -> 218 | I16: =MIN(I3:I12) -> 217.9 | ... AM16: =MIN(AM3:AM12) -> 218.9
A17: Max | B17: =MAX(B3:B12) -> 221.9 | C17: =MAX(C3:C12) -> 227.5 | D17: =MAX(D3:D12) -> 223.6 | E17: =MAX(E3:E12) -> 223.7 | F17: =MAX(F3:F12) -> 222.3 | G17: =MAX(G3:G12) -> 222.9 | H17: =MAX(H3:H12) -> 221.4 | I17: =MAX(I3:I12) -> 221.7 | ... AM17: =MAX(AM3:AM12) -> 223.6

Sheet Thickness
A1: Time | B1: =IP!B1 -> 950 | C1: =IP!C1 -> 950 | D1: =IP!D1 -> 1020 | E1: =IP!E1 -> 1020 | F1: =IP!F1 -> 1050 | G1: =IP!G1 -> 1050 | H1: =IP!H1 -> 1120 | I1: =IP!I1 -> 1120 | ... AM1: =IP!AM1 -> 2041
A2: Press Side | B2: 1 | C2: 2 | D2: 1 | E2: 2 | F2: 1 | G2: 2 | H2: 1 | I2: 2 | J2: 1 | K2: 2 | L2: 1 | M2: 2 | N2: 1 | O2: 2 | P2: 1 | Q2: 2 | R2: 1 | S2: 2 | T2: 1 | U2: 2 | V2: 1 | W2: 2 | X2: 1 | Y2: 2 | Z2: 1 | AA2: 2 | AB2: 1 | AC2: 2 | AD2: 1 | AE2: 2 | AF2: 1 | AG2: 2 | AH2: 1 | AI2: 2 | AJ2: 1 | AK2: 2 | AL2: 1 | AM2: 2
A3: 1 | B3: 3.88 | C3: 3.85 | D3: 3.84 | E3: 3.76 | F3: 3.75 | G3: 3.86 | H3: 3.86 | I3: 3.74 | J3: 3.83 | K3: 3.82 | L3: 3.78 | M3: 3.82 | N3: 3.74 | O3: 3.81 | P3: 3.84 | Q3: 3.84 | R3: 3.79 | S3: 3.85 | T3: 3.82 | U3: 3.76 | V3: 3.75 | W3: 3.78 | X3: 3.81 | Y3: 3.82 | Z3: 3.84 | AA3: 3.86 | AB3: 3.74 | AC3: 3.85 | AD3: 3.82 | AE3: 3.84 | AF3: 3.75 | AG3: 3.81 | AH3: 3.79 | AI3: 3.76 | AJ3: 3.86 | AK3: 3.85 | AL3: 3.76 | AM3: 3.84
A4: 2 | B4: 3.86 | C4: 3.79 | D4: 3.78 | E4: 3.85 | F4: 3.82 | G4: 3.73 | H4: 3.85 | I4: 3.81 | J4: 3.75 | K4: 3.75 | L4: 3.83 | M4: 3.84 | N4: 3.85 | O4: 3.75 | P4: 3.74 | Q4: 3.76 | R4: 3.84 | S4: 3.83 | T4: 3.75 | U4: 3.79 | V4: 3.7 | W4: 3.81 | X4: 3.8 | Y4: 3.74 | Z4: 3.78 | AA4: 3.84 | AB4: 3.84 | AC4: 3.74 | AD4: 3.86 | AE4: 3.75 | AF4: 3.74 | AG4: 3.86 | AH4: 3.87 | AI4: 3.84 | AJ4: 3.77 | AK4: 3.87 | AL4: 3.85 | AM4: 3.83
A5: 3 | B5: 3.86 | C5: 3.78 | D5: 3.81 | E5: 3.77 | F5: 3.78 | G5: 3.79 | H5: 3.83 | I5: 3.81 | J5: 3.83 | K5: 3.76 | L5: 3.75 | M5: 3.75 | N5: 3.85 | O5: 3.85 | P5: 3.84 | Q5: 3.82 | R5: 3.83 | S5: 3.83 | T5: 3.81 | U5: 3.74 | V5: 3.83 | W5: 3.73 | X5: 3.84 | Y5: 3.82 | Z5: 3.86 | AA5: 3.76 | AB5: 3.83 | AC5: 3.82 | AD5: 3.84 | AE5: 3.83 | AF5: 3.84 | AG5: 3.74 | AH5: 3.86 | AI5: 3.85 | AJ5: 3.75 | AK5: 3.86 | AL5: 3.84 | AM5: 3.76
A6: 4 | B6: 3.86 | C6: 3.81 | D6: 3.86 | E6: 3.79 | F6: 3.87 | G6: 3.78 | H6: 3.84 | I6: 3.83 | J6: 3.79 | K6: 3.85 | L6: 3.84 | M6: 3.82 | N6: 3.75 | O6: 3.85 | P6: 3.83 | Q6: 3.75 | R6: 3.82 | S6: 3.81 | T6: 3.77 | U6: 3.74 | V6: 3.82 | W6: 3.78 | X6: 3.71 | Y6: 3.75 | Z6: 3.84 | AA6: 3.78 | AB6: 3.74 | AC6: 3.81 | AD6: 3.79 | AE6: 3.83 | AF6: 3.78 | AG6: 3.69 | AH6: 3.88 | AI6: 3.85 | AJ6: 3.78 | AK6: 3.84 | AL6: 3.76 | AM6: 3.88
A7: 5 | B7: 3.86 | C7: 3.79 | D7: 3.76 | E7: 3.85 | F7: 3.84 | G7: 3.86 | H7: 3.74 | I7: 3.82 | J7: 3.85 | K7: 3.84 | L7: 3.86 | M7: 3.82 | N7: 3.84 | O7: 3.79 | P7: 3.76 | Q7: 3.77 | R7: 3.76 | S7: 3.76 | T7: 3.79 | U7: 3.83 | V7: 3.83 | W7: 3.85 | X7: 3.82 | Y7: 3.82 | Z7: 3.75 | AA7: 3.82 | AB7: 3.76 | AC7: 3.82 | AD7: 3.84 | AE7: 3.81 | AF7: 3.81 | AG7: 3.78 | AH7: 3.82 | AI7: 3.83 | AJ7: 3.76 | AK7: 3.81 | AL7: 3.85 | AM7: 3.87
A8: 6 | B8: 3.79 | C8: 3.84 | D8: 3.79 | E8: 3.85 | F8: 3.83 | G8: 3.86 | H8: 3.84 | I8: 3.84 | J8: 3.84 | K8: 3.85 | L8: 3.84 | M8: 3.77 | N8: 3.86 | O8: 3.82 | P8: 3.85 | Q8: 3.79 | R8: 3.75 | S8: 3.83 | T8: 3.74 | U8: 3.8 | V8: 3.86 | W8: 3.82 | X8: 3.73 | Y8: 3.82 | Z8: 3.85 | AA8: 3.75 | AB8: 3.78 | AC8: 3.83 | AD8: 3.77 | AE8: 3.83 | AF8: 3.84 | AG8: 3.83 | AH8: 3.75 | AI8: 3.82 | AJ8: 3.78 | AK8: 3.89 | AL8: 3.86 | AM8: 3.74
A9: 7 | B9: 3.88 | C9: 3.84 | D9: 3.81 | E9: 3.87 | F9: 3.77 | G9: 3.85 | H9: 3.85 | I9: 3.85 | J9: 3.74 | K9: 3.84 | L9: 3.75 | M9: 3.74 | N9: 3.74 | O9: 3.74 | P9: 3.82 | Q9: 3.82 | R9: 3.83 | S9: 3.73 | T9: 3.76 | U9: 3.81 | V9: 3.76 | W9: 3.74 | X9: 3.74 | Y9: 3.74 | Z9: 3.88 | AA9: 3.82 | AB9: 3.84 | AC9: 3.78 | AD9: 3.86 | AE9: 3.82 | AF9: 3.81 | AG9: 3.81 | AH9: 3.85 | AI9: 3.76 | AJ9: 3.78 | AK9: 3.76 | AL9: 3.86 | AM9: 3.75
A10: 8 | B10: 3.77 | C10: 3.88 | D10: 3.78 | E10: 3.79 | F10: 3.77 | G10: 3.85 | H10: 3.84 | I10: 3.82 | J10: 3.82 | K10: 3.83 | L10: 3.82 | M10: 3.83 | N10: 3.82 | O10: 3.85 | P10: 3.81 | Q10: 3.8 | R10: 3.81 | S10: 3.81 | T10: 3.82 | U10: 3.82 | V10: 3.75 | W10: 3.85 | X10: 3.82 | Y10: 3.74 | Z10: 3.89 | AA10: 3.78 | AB10: 3.82 | AC10: 3.86 | AD10: 3.77 | AE10: 3.83 | AF10: 3.86 | AG10: 3.8 | AH10: 3.86 | AI10: 3.84 | AJ10: 3.86 | AK10: 3.85 | AL10: 3.88 | AM10: 3.85
A11: 9 | B11: 3.85 | C11: 3.91 | D11: 3.88 | E11: 3.84 | F11: 3.78 | G11: 3.88 | H11: 3.84 | I11: 3.82 | J11: 3.81 | K11: 3.83 | L11: 3.86 | M11: 3.83 | N11: 3.82 | O11: 3.84 | P11: 3.81 | Q11: 3.75 | R11: 3.74 | S11: 3.81 | T11: 3.85 | U11: 3.78 | V11: 3.81 | W11: 3.82 | X11: 3.76 | Y11: 3.76 | Z11: 3.85 | AA11: 3.83 | AB11: 3.84 | AC11: 3.81 | AD11: 3.72 | AE11: 3.72 | AF11: 3.83 | AG11: 3.79 | AH11: 3.79 | AI11: 3.76 | AJ11: 3.88 | AK11: 3.74 | AL11: 3.76 | AM11: 3.85
A12: 10 | B12: 3.88 | C12: 3.79 | D12: 3.89 | E12: 3.74 | F12: 3.84 | G12: 3.83 | H12: 3.85 | I12: 3.83 | J12: 3.73 | K12: 3.87 | L12: 3.84 | M12: 3.82 | N12: 3.85 | O12: 3.74 | P12: 3.79 | Q12: 3.82 | R12: 3.74 | S12: 3.82 | T12: 3.81 | U12: 3.84 | V12: 3.83 | W12: 3.81 | X12: 3.83 | Y12: 3.82 | Z12: 3.85 | AA12: 3.83 | AB12: 3.86 | AC12: 3.85 | AD12: 3.8 | AE12: 3.85 | AF12: 3.75 | AG12: 3.78 | AH12: 3.78 | AI12: 3.88 | AJ12: 3.86 | AK12: 3.84 | AL12: 3.87 | AM12: 3.86
A13: Average | B13: =AVERAGE(B3:B12) -> 3.849 | C13: =AVERAGE(C3:C12) -> 3.828 | D13: =AVERAGE(D3:D12) -> 3.82 | E13: =AVERAGE(E3:E12) -> 3.811 | F13: =AVERAGE(F3:F12) -> 3.805 | G13: =AVERAGE(G3:G12) -> 3.829 | H13: =AVERAGE(H3:H12) -> 3.834 | I13: =AVERAGE(I3:I12) -> 3.817 | ... AM13: =AVERAGE(AM3:AM12) -> 3.823
A14: StDev | B14: =_xlfn.STDEV.S(B3:B12) -> 0.038137179 | C14: =_xlfn.STDEV.S(C3:C12) -> 0.043665394 | D14: =_xlfn.STDEV.S(D3:D12) -> 0.045215533 | E14: =_xlfn.STDEV.S(E3:E12) -> 0.046055522 | F14: =_xlfn.STDEV.S(F3:F12) -> 0.039791121 | G14: =_xlfn.STDEV.S(G3:G12) -> 0.047246399 | H14: =_xlfn.STDEV.S(H3:H12) -> 0.034058773 | I14: =_xlfn.STDEV.S(I3:I12) -> 0.029832868 | ... AM14: =_xlfn.STDEV.S(AM3:AM12) -> 0.052503968
A15: %RSD | B15: =B14/B13*100 -> 0.99083344 | C15: =C14/C13*100 -> 1.1406843 | D15: =D14/D13*100 -> 1.1836527 | E15: =E14/E13*100 -> 1.2084892 | F15: =F14/F13*100 -> 1.0457588 | G15: =G14/G13*100 -> 1.2339096 | H15: =H14/H13*100 -> 0.88833523 | I15: =I14/I13*100 -> 0.78157893 | ... AM15: =AM14/AM13*100 -> 1.3733709
A16: Min | B16: =MIN(B3:B12) -> 3.77 | C16: =MIN(C3:C12) -> 3.78 | D16: =MIN(D3:D12) -> 3.76 | E16: =MIN(E3:E12) -> 3.74 | F16: =MIN(F3:F12) -> 3.75 | G16: =MIN(G3:G12) -> 3.73 | H16: =MIN(H3:H12) -> 3.74 | I16: =MIN(I3:I12) -> 3.74 | ... AM16: =MIN(AM3:AM12) -> 3.74
A17: Max | B17: =MAX(B3:B12) -> 3.88 | C17: =MAX(C3:C12) -> 3.91 | D17: =MAX(D3:D12) -> 3.89 | E17: =MAX(E3:E12) -> 3.87 | F17: =MAX(F3:F12) -> 3.87 | G17: =MAX(G3:G12) -> 3.88 | H17: =MAX(H3:H12) -> 3.86 | I17: =MAX(I3:I12) -> 3.85 | ... AM17: =MAX(AM3:AM12) -> 3.88

Sheet Hardness
A1: Time | B1: =IP!B1 -> 950 | C1: =IP!C1 -> 950 | D1: =IP!D1 -> 1020 | E1: =IP!E1 -> 1020 | F1: =IP!F1 -> 1050 | G1: =IP!G1 -> 1050 | H1: =IP!H1 -> 1120 | I1: =IP!I1 -> 1120 | ... AM1: =IP!AM1 -> 2041
A2: Press Side | B2: 1 | C2: 2 | D2: 1 | E2: 2 | F2: 1 | G2: 2 | H2: 1 | I2: 2 | J2: 1 | K2: 2 | L2: 1 | M2: 2 | N2: 1 | O2: 2 | P2: 1 | Q2: 2 | R2: 1 | S2: 2 | T2: 1 | U2: 2 | V2: 1 | W2: 2 | X2: 1 | Y2: 2 | Z2: 1 | AA2: 2 | AB2: 1 | AC2: 2 | AD2: 1 | AE2: 2 | AF2: 1 | AG2: 2 | AH2: 1 | AI2: 2 | AJ2: 1 | AK2: 2 | AL2: 1 | AM2: 2
A3: 1 | B3: 11.7 | C3: 12.4 | D3: 11.6 | E3: 11.3 | F3: 11.6 | G3: 11.2 | H3: 11.6 | I3: 11.7 | J3: 12 | K3: 12.1 | L3: 11.4 | M3: 12.7 | N3: 12.3 | O3: 11.5 | P3: 12.3 | Q3: 12.6 | R3: 11.8 | S3: 11.5 | T3: 12.2 | U3: 12.8 | V3: 13.3 | W3: 13.3 | X3: 11.3 | Y3: 12.2 | Z3: 12.1 | AA3: 12.1 | AB3: 12 | AC3: 12.2 | AD3: 12.1 | AE3: 11.7 | AF3: 12.2 | AG3: 11.8 | AH3: 11.6 | AI3: 12.6 | AJ3: 11.4 | AK3: 11.7 | AL3: 11.5 | AM3: 12
A4: 2 | B4: 11.5 | C4: 12.1 | D4: 12 | E4: 12.2 | F4: 11.4 | G4: 12.1 | H4: 12 | I4: 12.4 | J4: 12.5 | K4: 11.8 | L4: 11.5 | M4: 12.2 | N4: 12.1 | O4: 12.4 | P4: 11.5 | Q4: 13.3 | R4: 12.1 | S4: 11.4 | T4: 12.2 | U4: 11.6 | V4: 11.5 | W4: 11.9 | X4: 11.5 | Y4: 12.3 | Z4: 13.4 | AA4: 12.5 | AB4: 11.6 | AC4: 12.1 | AD4: 11.7 | AE4: 11.7 | AF4: 11.1 | AG4: 12.6 | AH4: 12.9 | AI4: 12.3 | AJ4: 12.5 | AK4: 11.7 | AL4: 11.9 | AM4: 12.1
A5: 3 | B5: 10.9 | C5: 12.7 | D5: 12.6 | E5: 12.1 | F5: 12.3 | G5: 11.5 | H5: 12.1 | I5: 12 | J5: 12.1 | K5: 12 | L5: 12.2 | M5: 12.4 | N5: 12.5 | O5: 12.5 | P5: 12 | Q5: 13.1 | R5: 11.9 | S5: 11.7 | T5: 10.9 | U5: 12.6 | V5: 12 | W5: 12.1 | X5: 11.7 | Y5: 13.4 | Z5: 11.9 | AA5: 12.9 | AB5: 11.8 | AC5: 12.2 | AD5: 12.7 | AE5: 12.1 | AF5: 12 | AG5: 11.8 | AH5: 11.8 | AI5: 12.2 | AJ5: 10.9 | AK5: 12.6 | AL5: 11.3 | AM5: 11.7
A6: 4 | B6: 10.9 | C6: 12.4 | D6: 11.6 | E6: 11.9 | F6: 12.1 | G6: 12.4 | H6: 12.1 | I6: 11.2 | J6: 12.9 | K6: 13 | L6: 11.4 | M6: 11.5 | N6: 12.5 | O6: 13 | P6: 12.7 | Q6: 11.8 | R6: 12 | S6: 12.1 | T6: 11.6 | U6: 12 | V6: 11.5 | W6: 11.9 | X6: 11.5 | Y6: 12.9 | Z6: 11.8 | AA6: 12 | AB6: 11.6 | AC6: 11.7 | AD6: 11.6 | AE6: 12.6 | AF6: 12.1 | AG6: 12 | AH6: 11.8 | AI6: 11.8 | AJ6: 12.2 | AK6: 12.7 | AL6: 11.8 | AM6: 12
A7: 5 | B7: 11.5 | C7: 12 | D7: 11.1 | E7: 12.1 | F7: 11.5 | G7: 10.8 | H7: 11.4 | I7: 12.8 | J7: 7 | K7: 12.4 | L7: 11.9 | M7: 12.4 | N7: 11.6 | O7: 11.6 | P7: 12.1 | Q7: 12.4 | R7: 12.5 | S7: 12.4 | T7: 11.8 | U7: 12.6 | V7: 12.5 | W7: 13.8 | X7: 13 | Y7: 12.7 | Z7: 11.9 | AA7: 11.3 | AB7: 12.5 | AC7: 12.3 | AD7: 12.5 | AE7: 11.8 | AF7: 11.4 | AG7: 11.3 | AH7: 11.4 | AI7: 11.5 | AJ7: 11.5 | AK7: 12.3 | AL7: 11.7 | AM7: 12.5
A8: 6 | B8: 10.2 | C8: 12.3 | D8: 11 | E8: 12 | F8: 11.6 | G8: 12.4 | H8: 11.8 | I8: 12.2 | J8: 11.8 | K8: 11.6 | L8: 11.5 | M8: 12.6 | N8: 12.5 | O8: 12.2 | P8: 12.8 | Q8: 12.4 | R8: 12.1 | S8: 12.5 | T8: 11.7 | U8: 12.1 | V8: 12.7 | W8: 12.4 | X8: 11.9 | Y8: 11.6 | Z8: 12.7 | AA8: 12.4 | AB8: 12.4 | AC8: 11.2 | AD8: 12.1 | AE8: 12.3 | AF8: 11.3 | AG8: 12.2 | AH8: 11.9 | AI8: 12.4 | AJ8: 12.1 | AK8: 12.3 | AL8: 12 | AM8: 12.8
A9: 7 | B9: 11.2 | C9: 12.1 | D9: 12.2 | E9: 12.4 | F9: 12.4 | G9: 12.1 | H9: 12.7 | I9: 12.1 | J9: 12.1 | K9: 11.6 | L9: 11.3 | M9: 12.2 | N9: 11.8 | O9: 12.8 | P9: 12.7 | Q9: 12.1 | R9: 12 | S9: 12.1 | T9: 12.1 | U9: 12.4 | V9: 12.4 | W9: 12.4 | X9: 12.4 | Y9: 12.3 | Z9: 12.9 | AA9: 11.6 | AB9: 12.9 | AC9: 12.5 | AD9: 12.2 | AE9: 11.8 | AF9: 11.9 | AG9: 12.1 | AH9: 11.5 | AI9: 12 | AJ9: 12 | AK9: 12.4 | AL9: 11.4 | AM9: 11.8
A10: 8 | B10: 10.9 | C10: 11.9 | D10: 11.8 | E10: 12.6 | F10: 11.7 | G10: 11.2 | H10: 12.5 | I10: 12.6 | J10: 12.3 | K10: 12.7 | L10: 11.8 | M10: 12.9 | N10: 11.7 | O10: 12.1 | P10: 12.1 | Q10: 12.5 | R10: 11.2 | S10: 12 | T10: 12.1 | U10: 11.2 | V10: 12.4 | W10: 12.2 | X10: 12.4 | Y10: 11.7 | Z10: 12.7 | AA10: 11.5 | AB10: 12.8 | AC10: 12.3 | AD10: 12.4 | AE10: 12.8 | AF10: 12.3 | AG10: 12.2 | AH10: 12.1 | AI10: 11.5 | AJ10: 12.8 | AK10: 12.7 | AL10: 11.3 | AM10: 12.5
A11: 9 | B11: 10.9 | C11: 13.2 | D11: 11.9 | E11: 11.2 | F11: 11.8 | G11: 11.5 | H11: 12.1 | I11: 11.5 | J11: 11.4 | K11: 11.4 | L11: 11.8 | M11: 12.3 | N11: 12.3 | O11: 11.3 | P11: 12.2 | Q11: 11.7 | R11: 11.7 | S11: 12.4 | T11: 12.4 | U11: 12.3 | V11: 12.2 | W11: 12.7 | X11: 11.9 | Y11: 13 | Z11: 12.1 | AA11: 12.4 | AB11: 11.6 | AC11: 12.9 | AD11: 11.4 | AE11: 12.6 | AF11: 11.5 | AG11: 11.9 | AH11: 11.9 | AI11: 12.6 | AJ11: 12.1 | AK11: 11.7 | AL11: 12.6 | AM11: 12.9
A12: 10 | B12: 11.2 | C12: 12 | D12: 10.8 | E12: 11.6 | F12: 11.8 | G12: 12.3 | H12: 12.1 | I12: 12.7 | J12: 11.5 | K12: 12.6 | L12: 11.5 | M12: 11.7 | N12: 12.7 | O12: 11.2 | P12: 12.7 | Q12: 12.3 | R12: 12 | S12: 12.1 | T12: 12.3 | U12: 12.1 | V12: 12.6 | W12: 11.2 | X12: 12 | Y12: 11.9 | Z12: 12.1 | AA12: 12 | AB12: 11.8 | AC12: 12.6 | AD12: 11.9 | AE12: 11.7 | AF12: 12.1 | AG12: 12.4 | AH12: 12.3 | AI12: 11.4 | AJ12: 12.8 | AK12: 11.9 | AL12: 12 | AM12: 12.5
A13: Average | B13: =AVERAGE(B3:B12) -> 11.09 | C13: =AVERAGE(C3:C12) -> 12.31 | D13: =AVERAGE(D3:D12) -> 11.66 | E13: =AVERAGE(E3:E12) -> 11.94 | F13: =AVERAGE(F3:F12) -> 11.82 | G13: =AVERAGE(G3:G12) -> 11.75 | H13: =AVERAGE(H3:H12) -> 12.04 | I13: =AVERAGE(I3:I12) -> 12.12 | ... AM13: =AVERAGE(AM3:AM12) -> 12.28
A14: StDev | B14: =_xlfn.STDEV.S(B3:B12) -> 0.43063261 | C14: =_xlfn.STDEV.S(C3:C12) -> 0.39567102 | D14: =_xlfn.STDEV.S(D3:D12) -> 0.56411189 | E14: =_xlfn.STDEV.S(E3:E12) -> 0.45264654 | F14: =_xlfn.STDEV.S(F3:F12) -> 0.33928028 | G14: =_xlfn.STDEV.S(G3:G12) -> 0.5797509 | H14: =_xlfn.STDEV.S(H3:H12) -> 0.38355066 | I14: =_xlfn.STDEV.S(I3:I12) -> 0.53082745 | ... AM14: =_xlfn.STDEV.S(AM3:AM12) -> 0.4157991
A15: %RSD | B15: =B14/B13*100 -> 3.8830713 | C15: =C14/C13*100 -> 3.2142244 | D15: =D14/D13*100 -> 4.8380093 | E15: =E14/E13*100 -> 3.7910095 | F15: =F14/F13*100 -> 2.8703916 | G15: =G14/G13*100 -> 4.9340502 | H15: =H14/H13*100 -> 3.1856367 | I15: =I14/I13*100 -> 4.3797644 | ... AM15: =AM14/AM13*100 -> 3.3859861
A16: Min | B16: =MIN(B3:B12) -> 10.2 | C16: =MIN(C3:C12) -> 11.9 | D16: =MIN(D3:D12) -> 10.8 | E16: =MIN(E3:E12) -> 11.2 | F16: =MIN(F3:F12) -> 11.4 | G16: =MIN(G3:G12) -> 10.8 | H16: =MIN(H3:H12) -> 11.4 | I16: =MIN(I3:I12) -> 11.2 | ... AM16: =MIN(AM3:AM12) -> 11.7
A17: Max | B17: =MAX(B3:B12) -> 11.7 | C17: =MAX(C3:C12) -> 13.2 | D17: =MAX(D3:D12) -> 12.6 | E17: =MAX(E3:E12) -> 12.6 | F17: =MAX(F3:F12) -> 12.4 | G17: =MAX(G3:G12) -> 12.4 | H17: =MAX(H3:H12) -> 12.7 | I17: =MAX(I3:I12) -> 12.8 | ... AM17: =MAX(AM3:AM12) -> 12.9

Sheet IP
A1: Time | B1: 950 | C1: 950 | D1: 1020 | E1: 1020 | F1: 1050 | G1: 1050 | H1: 1120 | I1: 1120 | J1: 1250 | K1: 1250 | L1: 1320 | M1: 1320 | N1: 1350 | O1: 1350 | P1: 1420 | Q1: 1420 | R1: 1450 | S1: 1450 | T1: 1520 | U1: 1520 | V1: 1550 | W1: 1550 | X1: 1620 | Y1: 1620 | Z1: 1800 | AA1: 1800 | AB1: 1830 | AC1: 1830 | AD1: 1900 | AE1: 1900 | AF1: 1930 | AG1: 1930 | AH1: 2000 | AI1: 2000 | AJ1: 2030 | AK1: 2030 | AL1: 2041 | AM1: 2041
A2: Press Side | B2: 1 | C2: 2 | D2: 1 | E2: 2 | F2: 1 | G2: 2 | H2: 1 | I2: 2 | J2: 1 | K2: 2 | L2: 1 | M2: 2 | N2: 1 | O2: 2 | P2: 1 | Q2: 2 | R2: 1 | S2: 2 | T2: 1 | U2: 2 | V2: 1 | W2: 2 | X2: 1 | Y2: 2 | Z2: 1 | AA2: 2 | AB2: 1 | AC2: 2 | AD2: 1 | AE2: 2 | AF2: 1 | AG2: 2 | AH2: 1 | AI2: 2 | AJ2: 1 | AK2: 2 | AL2: 1 | AM2: 2
A3: Pre-Compression Force (kN) | B3: 1.8 | C3: 1.9 | D3: 1.8 | E3: 1.9 | F3: 1.8 | G3: 1.9 | H3: 1.8 | I3: 1.9 | J3: 1.8 | K3: 1.9 | L3: 1.8 | M3: 1.9 | N3: 1.8 | O3: 1.9 | P3: 1.8 | Q3: 1.9 | R3: 1.9 | S3: 2 | T3: 1.9 | U3: 2 | V3: 1.9 | W3: 2 | X3: 1.9 | Y3: 2 | Z3: 1.9 | AA3: 1.9 | AB3: 1.9 | AC3: 2 | AD3: 1.9 | AE3: 2 | AF3: 1.9 | AG3: 2 | AH3: 1.9 | AI3: 2 | AJ3: 1.9 | AK3: 2 | AL3: 1.9 | AM3: 2
A4: Compression Force (kN) | B4: 9 | C4: 9.3 | D4: 9.2 | E4: 9.1 | F4: 9.2 | G4: 9.1 | H4: 9.3 | I4: 9 | J4: 9.3 | K4: 9 | L4: 9.2 | M4: 9 | N4: 9.3 | O4: 9 | P4: 9.3 | Q4: 9.1 | R4: 9.3 | S4: 9.1 | T4: 9.4 | U4: 9.2 | V4: 9.4 | W4: 9.2 | X4: 9.5 | Y4: 9.2 | Z4: 9.5 | AA4: 9.2 | AB4: 9.5 | AC4: 9.3 | AD4: 9.4 | AE4: 9.3 | AF4: 9.3 | AG4: 9.1 | AH4: 9.3 | AI4: 9.2 | AJ4: 9.3 | AK4: 9.2 | AL4: 9.4 | AM4: 9.2
A5: Feeder Speed (rpm) | B5: 15 | C5: 15 | D5: 15 | E5: 15 | F5: 15 | G5: 15 | H5: 15 | I5: 15 | J5: 15 | K5: 15 | L5: 15 | M5: 15 | N5: 15 | O5: 15 | P5: 15 | Q5: 15 | R5: 15 | S5: 15 | T5: 15 | U5: 15 | V5: 15 | W5: 15 | X5: 15 | Y5: 15 | Z5: 15 | AA5: 15 | AB5: 15 | AC5: 15 | AD5: 15 | AE5: 15 | AF5: 15 | AG5: 15 | AH5: 15 | AI5: 15 | AJ5: 15 | AK5: 15 | AL5: 15 | AM5: 15
A6: Press Speed (tpm) | B6: 2400 | C6: 2400 | D6: 2400 | E6: 2400 | F6: 2400 | G6: 2400 | H6: 2400 | I6: 2400 | J6: 2400 | K6: 2400 | L6: 2400 | M6: 2400 | N6: 2400 | O6: 2400 | P6: 2400 | Q6: 2400 | R6: 2400 | S6: 2400 | T6: 2400 | U6: 2400 | V6: 2400 | W6: 2400 | X6: 2400 | Y6: 2400 | Z6: 2400 | AA6: 2400 | AB6: 2400 | AC6: 2400 | AD6: 2400 | AE6: 2400 | AF6: 2400 | AG6: 2400 | AH6: 2400 | AI6: 2400 | AJ6: 2400 | AK6: 2400 | AL6: 2400 | AM6: 2400
A7: Insertion Depth (mm) | B7: 5 | C7: 5 | D7: 5 | E7: 5 | F7: 5 | G7: 5 | H7: 5 | I7: 5 | J7: 5 | K7: 5 | L7: 5 | M7: 5 | N7: 5 | O7: 5 | P7: 5 | Q7: 5 | R7: 5 | S7: 5 | T7: 5 | U7: 5 | V7: 5 | W7: 5 | X7: 5 | Y7: 5 | Z7: 5 | AA7: 5 | AB7: 5 | AC7: 5 | AD7: 5 | AE7: 5 | AF7: 5 | AG7: 5 | AH7: 5 | AI7: 5 | AJ7: 5 | AK7: 5 | AL7: 5 | AM7: 5
A8: Visual Inspection | B8: yes | C8: yes | D8: yes | E8: yes | F8: yes | G8: yes | H8: yes | I8: yes | J8: yes | K8: yes | L8: yes | M8: yes | N8: yes | O8: yes | P8: yes | Q8: yes | R8: yes | S8: yes | T8: yes | U8: yes | V8: yes | W8: yes | X8: yes | Y8: yes | Z8: yes | AA8: yes | AB8: yes | AC8: yes | AD8: yes | AE8: yes | AF8: yes | AG8: yes | AH8: yes | AI8: yes | AJ8: yes | AK8: yes | AL8: yes | AM8: yes

Sheet Sheet4
A1: mfg date
A2: Room
